FileID,Type
014cc6362544,Negative
014f6b975233,Negative
04d7e099eafa,Negative
05a7f46635c7,Negative
05e002867b16,Negative
0bf034137b02,Negative
0f30ecaf1e42,Negative
10f24f3f46cc,Negative
1101348acf7c,Negative
1652264baaeb,Negative
189dc098ce02,Negative
1b0ccb4ec893,Negative
1c2f9cd68e1d,Negative
2314da41ed6b,Negative
234d3d54c46f,Negative
278c9d5d67a6,Negative
28740c526b17,Negative
28ed5ad7aa44,Negative
2984b2c85638,Negative
29d56e8eb7d5,Negative
2cb26ce4338f,Negative
33b5144b4126,Negative
350e104b7454,Negative
383c177fdfa3,Negative
3acb673adc77,Negative
3b6845f1d8a5,Negative
41f1136cc2be,Negative
42a277a92298,Negative
46360646db06,Negative
469f81a0a495,Negative
46c2b84d6a32,Negative
470e4b980401,Negative
471466c2489f,Negative
498c66f889b5,Negative
49d1e6141691,Negative
4a4c08b4af92,Negative
4a7321eafb48,Negative
4b592f5dff3c,Negative
4c9c27d3ba62,Negative
4cb8a834cd3c,Negative
4cf1d439898e,Negative
4e478845aad4,Negative
4fdd3fc3560a,Negative
4ff9609cef15,Negative
52078709c33c,Negative
531e1a921103,Negative
53f79243d1f9,Negative
54eb73bc5b8b,Negative
5c080f4f5c1c,Negative
601a763ea68c,Negative
60b049cb055b,Negative
6210c9c0ec8f,Negative
62c479cc56d0,Negative
66074f54671b,Negative
687c9ece4e5e,Negative
68ab8a3bf764,Negative
6935ba68896b,Negative
6a5fdd339e48,Negative
6b3b9725af53,Negative
6bda43ee5b12,Negative
6d3293597b53,Negative
6e8092cd31c8,Negative
6fe28c9fd729,Negative
6fe5734d24c6,Negative
710ba7629352,Negative
7601677b715a,Negative
76ae07d76dac,Negative
76cc12174852,Negative
78a196456e26,Negative
7cf44ca45567,Negative
7d3e1fb021e8,Negative
7ecc9db0429b,Negative
84a0999016dc,Negative
86165c28fd26,Negative
86257b941a8d,Negative
87d493c31f91,Negative
8812d386b572,Negative
883d3e798939,Negative
88cadf427067,Negative
8a5a0be68a86,Negative
8b5419e8c64e,Negative
8be18662831d,Negative
8f135c8c42c3,Negative
8f7af054b08c,Negative
93f429f30b16,Negative
946cc81a9b0c,Negative
9d11b6f64b9a,Negative
9f47d82805f3,Negative
a0f60ed119f5,Negative
a180da9b10a6,Negative
a1b50b5af171,Negative
a2647e3ab105,Negative
a2a86dab3c23,Negative
a67f71eb9e9f,Negative
a71cc4a58f2b,Negative
a9eb898c5c21,Negative
adcde3990123,Negative
b3483814abfa,Negative
b3cf3554e75e,Negative
b4cab73348f4,Negative
b50da435c658,Negative
b896140a38fc,Negative
b89eca3f2176,Negative
b9b3b3d053e8,Negative
baac19682f8a,Negative
bb5f2bf8449f,Negative
bd3266948999,Negative
c196faf75ae4,Negative
c448b5644094,Negative
c4aec54c824d,Negative
c4e00e7189c0,Negative
c69fb14be89f,Negative
c7b2d78c0172,Negative
c82936b7514a,Negative
cf9186ecd1d6,Negative
d014c23bf3ca,Negative
d064ab574ab5,Negative
d06587b7be30,Negative
d30c2ade2796,Negative
d36d10ce148b,Negative
d578e062d740,Negative
d8d474e2f5e5,Negative
d9e5eea96a45,Negative
df1f0034a698,Negative
df4e899cfe53,Negative
df72b070bde6,Negative
df76e37678fc,Negative
e060d7edad42,Negative
e1e600a90ce4,Negative
e360741a3643,Negative
e5a4b11b4324,Negative
e73182602a31,Negative
e7844d73ef73,Negative
ec37440233ef,Negative
ec48a6526a03,Negative
ecdc65d0576f,Negative
ee020fae1e92,Negative
ee1eefd53078,Negative
f038f6194e2b,Negative
f069a7cc8f1e,Negative
f1621307a134,Negative
f26d9a10ce43,Negative
f282b765c4a4,Negative
f398ab35d908,Negative
f5eaf965d827,Negative
f6a9cee1149d,Negative
f75463651b85,Negative
f7f391fe9a3c,Negative
fb31eeb4f056,Negative
fd0516801814,Negative
